company,source_category,source_listing_url,url,title,published_date,published_month,published_year,date_source,status,all_dates_found
ELGi,Blog,https://www.elgi.com/us/blog/,https://www.elgi.com/us/blog/rotair-to-elgi-portable-compressors,From Rotair to ELGi: The journey of a trusted portable compressor brand,2026-06-09,6,2026,json-ld:datePublished,Date found,2026-06-09 [json-ld:dateModified] | 2026-06-09 [json-ld:datePublished] | 2026-06-09 [meta:article:modified_time] | 2026-06-09 [meta:article:published_time]
ELGi,Blog,https://www.elgi.com/us/blog/,https://www.elgi.com/us/blog/elgi-deming-prize-compressed-air,What ELGi's Deming Prize means for North American manufacturers,2026-06-08,6,2026,json-ld:datePublished,Date found,2026-06-08 [json-ld:datePublished] | 2026-06-08 [meta:article:published_time] | 2026-06-09 [json-ld:dateModified] | 2026-06-09 [meta:article:modified_time]
Quincy Compressor,Blog,https://www.quincycompressor.com/blog/,https://www.quincycompressor.com/blog/install-air-compressor-in-garage,How Do You Install an Air Compressor in Your Garage?,2026-06-16,6,2026,json-ld:datePublished,Date found,2020-03-13 [json-ld:uploadDate] | 2020-06-10 [json-ld:datePublished] | 2026-06-16 [json-ld:dateModified] | 2026-06-16 [json-ld:datePublished] | 2026-06-16 [meta:article:modified_time] | 2026-06-16 [meta:article:published_time]
Sullair,Company News,https://america.sullair.com/en/news/company-news,https://america.sullair.com/en/news/ceremonial-groundbreaking-held-michigan-city-campus-expansion,Ceremonial Groundbreaking Held for Michigan City Campus Expansion | Sullair,2026-06-18,6,2026,time-tag,Date found,2026-02-10 [time-tag] | 2026-02-16 [time-tag] | 2026-03-30 [time-tag] | 2026-04-08 [time-tag] | 2026-06-18 [time-tag]
Sullair,Company News,https://america.sullair.com/en/news/company-news,https://america.sullair.com/en/news/compact-equipments-machine-heads-series-deep-dives-sullair-mid-range-series,Compact Equipment's Machine Heads Series Deep Dives into Sullair Mid-Range Series | Sullair,2026-06-18,6,2026,time-tag,Date found,2026-02-10 [time-tag] | 2026-02-16 [time-tag] | 2026-03-30 [time-tag] | 2026-04-08 [time-tag] | 2026-06-18 [time-tag]
Sullair,Company News,https://america.sullair.com/en/news/company-news,https://america.sullair.com/en/news/compressed-air-best-practices-covers-sullair-one-year-anniversary-hitachi-group-company,Compressed Air Best Practices Covers Sullair One Year Anniversary as A Hitachi Group Company | Sullair,2026-06-18,6,2026,time-tag,Date found,2026-02-10 [time-tag] | 2026-02-16 [time-tag] | 2026-03-30 [time-tag] | 2026-04-08 [time-tag] | 2026-06-18 [time-tag]
Sullair,Company News,https://america.sullair.com/en/news/company-news,https://america.sullair.com/en/news/considerations-when-buying-your-first-industrial-air-compressor,Considerations When Buying Your First Industrial Air Compressor | Sullair,2026-06-18,6,2026,time-tag,Date found,2026-02-10 [time-tag] | 2026-02-16 [time-tag] | 2026-03-30 [time-tag] | 2026-04-08 [time-tag] | 2026-06-18 [time-tag]
Sullair,Company News,https://america.sullair.com/en/news/company-news,https://america.sullair.com/en/news/employees-raise-more-5500-toys-tots-company-matches-donation-family-advocates,"Employees Raise More Than $5,500 for Toys for Tots, Company Matches Donation to Family Advocates | Sullair",2026-06-18,6,2026,time-tag,Date found,2026-02-10 [time-tag] | 2026-02-16 [time-tag] | 2026-03-30 [time-tag] | 2026-04-08 [time-tag] | 2026-06-18 [time-tag]
Sullair,Company News,https://america.sullair.com/en/news/company-news,https://america.sullair.com/en/news/gold-compressor-raises-18000-ara-foundation-and-sullair-donates-10000-american-heart,"Gold Compressor Raises $18,000 for The ARA Foundation and Sullair Donates $10,000 to the American Heart Association | Sullair",2026-06-18,6,2026,time-tag,Date found,2026-02-10 [time-tag] | 2026-02-16 [time-tag] | 2026-03-30 [time-tag] | 2026-04-08 [time-tag] | 2026-06-18 [time-tag]
Sullair,Company News,https://america.sullair.com/en/news/company-news,https://america.sullair.com/en/news/hitachi-global-air-power-acquires-henry-production-inc-and-distributor-pumps-service,"Hitachi Global Air Power Acquires Henry Production, Inc. and Distributor Pumps & Service | Sullair",2026-06-18,6,2026,time-tag,Date found,2026-02-10 [time-tag] | 2026-02-16 [time-tag] | 2026-03-30 [time-tag] | 2026-04-08 [time-tag] | 2026-06-18 [time-tag]
Sullair,Company News,https://america.sullair.com/en/news/company-news,https://america.sullair.com/en/news/hitachi-global-air-power-advances-sustainability-woodland-restoration-partnership,Hitachi Global Air Power Advances Sustainability with Woodland Restoration Partnership | Sullair,2026-06-18,6,2026,time-tag,Date found,2026-02-10 [time-tag] | 2026-02-16 [time-tag] | 2026-03-30 [time-tag] | 2026-04-08 [time-tag] | 2026-06-18 [time-tag]
Sullair,Company News,https://america.sullair.com/en/news/company-news,https://america.sullair.com/en/news/hitachis-global-growth-strategy-compressed-air-solutions,Hitachi’s Global Growth Strategy for Compressed Air Solutions | Sullair,2026-06-18,6,2026,time-tag,Date found,2026-02-10 [time-tag] | 2026-02-16 [time-tag] | 2026-03-30 [time-tag] | 2026-04-08 [time-tag] | 2026-06-18 [time-tag]
Sullair,Company News,https://america.sullair.com/en/news/company-news,https://america.sullair.com/en/news/industry-update-air-compressors-and-accessories,Industry Update: Air Compressors and Accessories | Sullair,2026-06-18,6,2026,time-tag,Date found,2026-02-10 [time-tag] | 2026-02-16 [time-tag] | 2026-03-30 [time-tag] | 2026-04-08 [time-tag] | 2026-06-18 [time-tag]
Sullair,Company News,https://america.sullair.com/en/news/company-news,https://america.sullair.com/en/news/making-air-business,Making Air a Business | Sullair,2026-06-18,6,2026,time-tag,Date found,2026-02-10 [time-tag] | 2026-02-16 [time-tag] | 2026-03-30 [time-tag] | 2026-04-08 [time-tag] | 2026-06-18 [time-tag]
Sullair,Company News,https://america.sullair.com/en/news/company-news,https://america.sullair.com/en/news/michigan-city-high-school-students-visit-sullair-booth-best-practices-expo,Michigan City High School Students Visit Sullair Booth at Best Practices Expo | Sullair,2026-06-18,6,2026,time-tag,Date found,2026-02-10 [time-tag] | 2026-02-16 [time-tag] | 2026-03-30 [time-tag] | 2026-04-08 [time-tag] | 2026-06-18 [time-tag]
Sullair,Company News,https://america.sullair.com/en/news/company-news,https://america.sullair.com/en/news/rental-management-article-airing-it-out-features-sullair,"Rental Management Article ""Airing it Out"" Features Sullair | Sullair",2026-06-18,6,2026,time-tag,Date found,2026-02-10 [time-tag] | 2026-02-16 [time-tag] | 2026-03-30 [time-tag] | 2026-04-08 [time-tag] | 2026-06-18 [time-tag]
Sullair,Company News,https://america.sullair.com/en/news/company-news,https://america.sullair.com/en/news/rep-frank-j-mrvan-tours-hitachi-global-air-power-highlights-regional-manufacturing-strength,"Rep. Frank J. Mrvan Tours Hitachi Global Air Power, Highlights Regional Manufacturing Strength | Sullair",2026-06-18,6,2026,time-tag,Date found,2026-02-10 [time-tag] | 2026-02-16 [time-tag] | 2026-03-30 [time-tag] | 2026-04-08 [time-tag] | 2026-06-18 [time-tag]
Sullair,Company News,https://america.sullair.com/en/news/company-news,https://america.sullair.com/en/news/sullair-announces-first-mchs-compressed-air-academy-hires,Sullair Announces First MCHS Compressed Air Academy Hires | Sullair,2026-06-18,6,2026,time-tag,Date found,2026-02-10 [time-tag] | 2026-02-16 [time-tag] | 2026-03-30 [time-tag] | 2026-04-08 [time-tag] | 2026-06-18 [time-tag]
Sullair,Company News,https://america.sullair.com/en/news/company-news,https://america.sullair.com/en/news/sullair-celebrates-60th-anniversary-company-picnic-and-public-art-donation,Sullair Celebrates 60th Anniversary with Company Picnic and Public Art Donation | Sullair,2026-06-18,6,2026,time-tag,Date found,2026-02-10 [time-tag] | 2026-02-16 [time-tag] | 2026-03-30 [time-tag] | 2026-04-08 [time-tag] | 2026-06-18 [time-tag]
Sullair,Company News,https://america.sullair.com/en/news/company-news,https://america.sullair.com/en/news/sullair-compressors-spotted-new-ny-bridge-project,Sullair Compressors Spotted on New NY Bridge Project | Sullair,2026-06-18,6,2026,time-tag,Date found,2026-02-10 [time-tag] | 2026-02-16 [time-tag] | 2026-03-30 [time-tag] | 2026-04-08 [time-tag] | 2026-06-18 [time-tag]
Sullair,Company News,https://america.sullair.com/en/news/company-news,https://america.sullair.com/en/news/sullair-discusses-how-choose-right-185-cfm-portable-air-compressor-compact-equipment,Sullair Discusses How to Choose the Right 185 cfm Portable Air Compressor with Compact Equipment | Sullair,2026-06-18,6,2026,time-tag,Date found,2026-02-10 [time-tag] | 2026-02-16 [time-tag] | 2026-03-30 [time-tag] | 2026-04-08 [time-tag] | 2026-06-18 [time-tag]
Sullair,Company News,https://america.sullair.com/en/news/company-news,https://america.sullair.com/en/news/sullair-donating-custom-painted-185-tier-4-final-compressor-ara-foundation-charity-auction,Sullair Donating Custom Painted 185 Tier 4 Final Compressor to ARA Foundation Charity Auction | Sullair,2026-06-18,6,2026,time-tag,Date found,2026-02-10 [time-tag] | 2026-02-16 [time-tag] | 2026-03-30 [time-tag] | 2026-04-08 [time-tag] | 2026-06-18 [time-tag]
Sullair,Company News,https://america.sullair.com/en/news/company-news,https://america.sullair.com/en/news/sullair-donating-pink-185-series-portable-air-compressor-benefit-ara-foundation-susan-g-komen,"Sullair Donating Pink 185 Series Portable Air Compressor to Benefit ARA Foundation, Susan G. Komen Chicago | Sullair",2026-06-18,6,2026,time-tag,Date found,2026-02-10 [time-tag] | 2026-02-16 [time-tag] | 2026-03-30 [time-tag] | 2026-04-08 [time-tag] | 2026-06-18 [time-tag]
Sullair,Company News,https://america.sullair.com/en/news/company-news,https://america.sullair.com/en/news/sullair-e1035h-electric-portable-compressor-wins-compact-equipment-magazines-innovative-iron,Sullair E1035H Electric Portable Compressor Wins Compact Equipment Magazine’s Innovative Iron Award | Sullair,2026-06-18,6,2026,time-tag,Date found,2026-02-10 [time-tag] | 2026-02-16 [time-tag] | 2026-03-30 [time-tag] | 2026-04-08 [time-tag] | 2026-06-18 [time-tag]
Sullair,Company News,https://america.sullair.com/en/news/company-news,https://america.sullair.com/en/news/sullair-hosts-2018-independent-manufacturer-representatives-meeting-awards-ceremony,"Sullair Hosts 2018 Independent Manufacturer Representatives Meeting, Awards Ceremony | Sullair",2026-06-18,6,2026,time-tag,Date found,2026-02-10 [time-tag] | 2026-02-16 [time-tag] | 2026-03-30 [time-tag] | 2026-04-08 [time-tag] | 2026-06-18 [time-tag]
Sullair,Company News,https://america.sullair.com/en/news/company-news,https://america.sullair.com/en/news/sullair-hosts-school-supply-drives-chicago-michigan-city,"Sullair Hosts School Supply Drives in Chicago, Michigan City | Sullair",2026-06-18,6,2026,time-tag,Date found,2026-02-10 [time-tag] | 2026-02-16 [time-tag] | 2026-03-30 [time-tag] | 2026-04-08 [time-tag] | 2026-06-18 [time-tag]
Sullair,Company News,https://america.sullair.com/en/news/company-news,https://america.sullair.com/en/news/sullair-michigan-city-campus-renamed-to-1-sullair-way,Sullair Michigan City Campus Renamed to 1 Sullair Way | Sullair,2026-06-18,6,2026,time-tag,Date found,2026-02-10 [time-tag] | 2026-02-16 [time-tag] | 2026-03-30 [time-tag] | 2026-04-08 [time-tag] | 2026-06-18 [time-tag]
Sullair,Company News,https://america.sullair.com/en/news/company-news,https://america.sullair.com/en/news/sullair-opens-new-state-art-training-center,"Sullair Opens New, State-of-the-Art Training Center | Sullair",2026-06-18,6,2026,time-tag,Date found,2026-02-10 [time-tag] | 2026-02-16 [time-tag] | 2026-03-30 [time-tag] | 2026-04-08 [time-tag] | 2026-06-18 [time-tag]
Sullair,Company News,https://america.sullair.com/en/news/company-news,https://america.sullair.com/en/news/sullair-partnering-aem-its-equipped-vote-campaign,Sullair Partnering with AEM in its Equipped to Vote Campaign | Sullair,2026-06-18,6,2026,time-tag,Date found,2026-02-10 [time-tag] | 2026-02-16 [time-tag] | 2026-03-30 [time-tag] | 2026-04-08 [time-tag] | 2026-06-18 [time-tag]
Sullair,Company News,https://america.sullair.com/en/news/company-news,https://america.sullair.com/en/news/sullair-receives-governors-half-century-business-award,Sullair Receives Governor’s Half Century Business Award | Sullair,2026-06-18,6,2026,time-tag,Date found,2026-02-10 [time-tag] | 2026-02-16 [time-tag] | 2026-03-30 [time-tag] | 2026-04-08 [time-tag] | 2026-06-18 [time-tag]
Sullair,Company News,https://america.sullair.com/en/news/company-news,https://america.sullair.com/en/news/compressor-crew,The Compressor Crew | Sullair,2026-06-18,6,2026,time-tag,Date found,2026-02-10 [time-tag] | 2026-02-16 [time-tag] | 2026-03-30 [time-tag] | 2026-04-08 [time-tag] | 2026-06-18 [time-tag]
Sullair,Company News,https://america.sullair.com/en/news/company-news,https://america.sullair.com/en/news/need-oil-free-compression,The Need for Oil Free Compression | Sullair,2026-06-18,6,2026,time-tag,Date found,2026-02-10 [time-tag] | 2026-02-16 [time-tag] | 2026-03-30 [time-tag] | 2026-04-08 [time-tag] | 2026-06-18 [time-tag]
Sullair,Company News,https://america.sullair.com/en/news/company-news,https://america.sullair.com/en/news/why-does-rotor-coating-composition-matter-sullair-discusses-food-engineering-magazine,Why Does Rotor Coating Composition Matter? Sullair Discusses in Food Engineering Magazine | Sullair,2026-06-18,6,2026,time-tag,Date found,2026-02-10 [time-tag] | 2026-02-16 [time-tag] | 2026-03-30 [time-tag] | 2026-04-08 [time-tag] | 2026-06-18 [time-tag]
Sullair,Product News,https://america.sullair.com/en/news/product-news,https://america.sullair.com/en/news/diesel-progress-sullair-1600h-tier-4-final,DIESEL PROGRESS Sullair 1600H Tier 4 Final | Sullair,2026-06-18,6,2026,time-tag,Date found,2026-02-10 [time-tag] | 2026-02-16 [time-tag] | 2026-03-30 [time-tag] | 2026-04-08 [time-tag] | 2026-06-18 [time-tag]
Sullair,Product News,https://america.sullair.com/en/news/product-news,https://america.sullair.com/en/news/expanded-oil-free-offerings-displayed-imts-2018,Expanded Oil Free Offerings Displayed at IMTS 2018 | Sullair,2026-06-18,6,2026,time-tag,Date found,2026-02-10 [time-tag] | 2026-02-16 [time-tag] | 2026-03-30 [time-tag] | 2026-04-08 [time-tag] | 2026-06-18 [time-tag]
Sullair,Product News,https://america.sullair.com/en/news/product-news,https://america.sullair.com/en/news/sullair-ofd1550-wins-rer-2018-innovative-product-award-air-tools-compressors,OFD1550 Wins RER 2018 Innovative Product Award | Sullair,2026-06-18,6,2026,time-tag,Date found,2026-02-10 [time-tag] | 2026-02-16 [time-tag] | 2026-03-30 [time-tag] | 2026-04-08 [time-tag] | 2026-06-18 [time-tag]
Sullair,Product News,https://america.sullair.com/en/news/product-news,https://america.sullair.com/en/news/sullair-featured-compact-equipment-magazine,Sullair Featured in Compact Equipment Magazine | Sullair,2026-06-18,6,2026,time-tag,Date found,2026-02-10 [time-tag] | 2026-02-16 [time-tag] | 2026-03-30 [time-tag] | 2026-04-08 [time-tag] | 2026-06-18 [time-tag]
Sullair,Product News,https://america.sullair.com/en/news/product-news,https://america.sullair.com/en/news/sullair-ls-series-selected-plant-engineering-2017-product-year-finalist,Sullair LS Series Selected Plant Engineering 2017 Product of the Year Finalist | Sullair,2026-06-18,6,2026,time-tag,Date found,2026-02-10 [time-tag] | 2026-02-16 [time-tag] | 2026-03-30 [time-tag] | 2026-04-08 [time-tag] | 2026-06-18 [time-tag]
Sullair,Product News,https://america.sullair.com/en/news/product-news,https://america.sullair.com/en/news/sullair-ofe1550-and-sullair-e425h-win-2025-innovative-iron-award,Sullair OFE1550 and Sullair E425H Win 2025 Innovative Iron Award | Sullair,2026-06-18,6,2026,time-tag,Date found,2026-02-10 [time-tag] | 2026-02-16 [time-tag] | 2026-03-30 [time-tag] | 2026-04-08 [time-tag] | 2026-06-18 [time-tag]
Sullair,Product News,https://america.sullair.com/en/news/product-news,https://america.sullair.com/en/news/sullair-strengthens-air-treatment-products-support,"Sullair Strengthens Air Treatment Products, Support | Sullair",2026-06-18,6,2026,time-tag,Date found,2026-02-10 [time-tag] | 2026-02-16 [time-tag] | 2026-03-30 [time-tag] | 2026-04-08 [time-tag] | 2026-06-18 [time-tag]
