Date,Title,Source,URL,Keyword bucket,Competitor,Is Atlas Copco,Theme,Sentiment,Possible meaning,Team to review
2026-05-04,"Ingersoll Rand Acquires Fox s.r.l., Expanding Metering and Dosing Capabilities",Business Wire,https://news.google.com/read/CBMizwFBVV95cUxNTWZxcHgwS01pbWhGclRTMEowUmtBMEY3NWo0cjU4R2ZmbmJvVDk1TUYtdm9WaWdmNVQxVHBBWEtKSVc4NUV5d2Q4SlJSdmhNWHA1eGhuRTJMSFdjTmZVSzIzRmlyZ0tucElhOWtvcm9vd2xrd3B5dGVlTjhvbExER0NDRS1GNDJRVjIzd0ZmdUlRby1KT0ZyWU4ydXItaWlCZGVpZGJLQTJUSXNPa29MQVlGaWZwTmpNdVJzVEFqM0paUHVOVGJmMEJTY18zNU0?hl=en-US&gl=US&ceid=US%3Aen,Ingersoll Rand,Ingersoll Rand,False,Hiring / expansion,Neutral,Multiple roles or facility activity may suggest capacity or regional expansion; could be worth reviewing with regional sales/marketing.,Leadership / Sales
2026-05-05,Atlas Copco makes two North American acquisitions,gasworld,https://news.google.com/read/CBMingFBVV95cUxQUldCa1hSejZPazNTa245YjFyb240YjRQUE9MMDdPTzI3emg4MWo2elFNOXlTNEQtbDBqX0VsQTAyUHNMdldTQmxvczloaVA5SjNlZFkzaWc3aDBQX3M4VXVwNU8zSnpmaWpLdDB3QVdXUjJaZXVMbGxzUVlzZVE1N1BUVEdWeElsY2EtY2ZVejB1MUZzQWZHeDV4U05yUQ?hl=en-US&gl=US&ceid=US%3Aen,Atlas Copco,,True,Hiring / expansion,Neutral,Multiple roles or facility activity may suggest capacity or regional expansion; could be worth reviewing with regional sales/marketing.,Leadership / Sales
2026-05-08,"VMAC Underhood Air Compressor for International, Chevy Trucks",Work Truck Online,https://news.google.com/read/CBMiowFBVV95cUxOclU3NktpV0lKclV1VVAzMTUweVU1VlBEOHV0WVBlMjhfOTF6VVpwYndJeEtIcXY1NGFwV2Y4cWVBdjlOVlZrSC03cWgwczR3YmNxR0FLS0Y5bjVBVzJzczFSeW5Dd2hKcE5UWDIyTHlURVRGWmR4OG5ZS1otSDlGc3EyODAxRWUweWFuVTlfVkNZLW52QjdIZmhXR2ozcDhCRHNr?hl=en-US&gl=US&ceid=US%3Aen,Air compressor,,False,General brand activity,Neutral,"General brand visibility activity; logged for completeness, likely lower priority for action.",Marketing
2026-05-08,DTM70 PTO-Driven Air Compressor,Work Truck Online,https://news.google.com/read/CBMifEFVX3lxTFBsdDNTSWFMdlJYX3BQd2gtWkRsRDFrSVRXTXI1SGtpNnM3SFQ1Y05BVjZIN3hHVHQ1T2Z5Tm1oNDU5MWlaSUt4RmNBeUpZQlV5dHdkTUZXVzhCY3RlN1U5eGNzajRUd2tPaFBZVnFhOHZKT1BUZlJKTk4tMVk?hl=en-US&gl=US&ceid=US%3Aen,Rotary screw air compressor,,False,General brand activity,Neutral,"General brand visibility activity; logged for completeness, likely lower priority for action.",Marketing
2026-05-12,Are Wall Street Analysts Bullish on Ingersoll Rand Stock?,Yahoo Finance,https://news.google.com/read/CBMipgFBVV95cUxPa21mdnhiNS1ZSy05UjFNR3E1eE9FVlVqWUNvSlZSMHlLV1BXYU1hMFBwYzNrbnZxLVZpYmZLRnJkcGREbU5sR3VQcDdaRzg4TGc4VW8tWkUxa3pMWlhCcVptSXgxOVlMQ1dOdTc4dUF3dEFvWXlNYm5EdVZNa1RBQUs1Vmk1blplMVJhUHU3Rl96NWN5eG9XeTNPc3NaV2xKMU55Yl9n?hl=en-US&gl=US&ceid=US%3Aen,Ingersoll Rand,Ingersoll Rand,False,General brand activity,Neutral,"General brand visibility activity; logged for completeness, likely lower priority for action.",Marketing
2026-05-12,Ingersoll Rand and Garrett Motion Announce Strategic,GlobeNewswire,https://news.google.com/read/CBMinwJBVV95cUxOSEJXTzlyM0UwUnk2UHVOMndua3NuNDd5M1p4ZlNKT1BqcEZwSkQtRkFxMmJnQjVteVY5RXo3dzlrU3FKWGN0QkZUQl9NRUlCemp1TWxGRURrOVp3T0JDQTNjeGtJZXFhZFBwaDQ0SW11cVh4TVhvbHJlRVBWakpRRzhFSl9kZWFyYUx2RlhfbEZOMFpFMzRBYWNnS2JRNldoMWJoakVLUXBRTWdEUlRWbFhNNV92cVVvaFpFQWY4NVRWZTB3YXUtSC1UU2NDOXFZMFFsa2NteUlpSUxnM1I3SXdrcm5Ld3ljeEtqNG84anVJNUluU3B6b1JFZzFlejRfWV9aTG5NaWNCOTdfZVk1M3dLYlREa055Wlg0dlRDSQ?hl=en-US&gl=US&ceid=US%3Aen,Ingersoll Rand,Ingersoll Rand,False,General brand activity,Neutral,"General brand visibility activity; logged for completeness, likely lower priority for action.",Marketing
2026-05-14,Garrett Motion Partnership With Ingersoll Rand Meets Strong Share Price Momentum,Yahoo Finance,https://news.google.com/read/CBMiqgFBVV95cUxONm4tbEFrTTVTc1hrQ2xBeE5JajhzRVFDbVN5Q0haUzhwa0ktY3NoVDFQaHVXR2EyTnhCSmVyNnQ2ZFJxWHU3X0JYS3FSSTNfRC1idnMxbURYQ2R3Q3VFOEdmdE9yckZDWGtOUXVyTUFNS05SN1VOaC02dFdCVmJzck5IX1hnTnpCVnpNRWxQdTdqUVRlSU0tdGJ3MVFmN0FBLVJZd3daeV9Zdw?hl=en-US&gl=US&ceid=US%3Aen,Ingersoll Rand,Ingersoll Rand,False,General brand activity,Neutral,"General brand visibility activity; logged for completeness, likely lower priority for action.",Marketing
2026-05-15,A Look At Ingersoll Rand (IR) Valuation After Recent Share Price Weakness,Yahoo Finance,https://news.google.com/read/CBMingFBVV95cUxNaE5kZEJnS01sRVYtdDNfZTZBX3FXOHNDQ0p6UG1panpucFpBV2ZpRk9OaS1ER0tCU2hQSUJ1RGJVNDEyMkJYdWYxQUZiZTNCSUlDdjM3WGwwVWRQbGdIOWx3dXhaU2JIT05yVGxPaWhuZy1HYjBYekRhQ3RHTU1kNkQycG84U2puZlBmdkkwSUxSdDZjbkEtUjJiNnpKdw?hl=en-US&gl=US&ceid=US%3Aen,Ingersoll Rand,Ingersoll Rand,False,General brand activity,Neutral,"General brand visibility activity; logged for completeness, likely lower priority for action.",Marketing
2026-05-16,Save on a portable tire inflator that works in about one minute,USA TODAY 10BEST,https://news.google.com/read/CBMidEFVX3lxTFBHenEyNWF0czI1V0RBS2luZGNGRUVvTnVjT3VpSjYtUTdUcGlHOFI3VnhGV2l1V1ItUkpEeGRWLTVNbmFtRDRDWFM0UUZ1OGo2bGZOSmRlNl9qcW1VY1F6aGdqbG9SV192RXV3Mzg1ZzUxaTJm?hl=en-US&gl=US&ceid=US%3Aen,Air compressor,,False,General brand activity,Neutral,"General brand visibility activity; logged for completeness, likely lower priority for action.",Marketing
2026-05-17,Atlas Copco SDC Deal Reshapes Industrial Portfolio And Valuation Debate,Yahoo Finance,https://news.google.com/read/CBMimgFBVV95cUxNaFpTUTJZZmtxXzFPcGtzdGZuRG5yYWNfT2M4YXN4aUI0ODhzUmV1dGEwbE81cHp6TVpmSVhzSkhhWG9YZmR2aWYwWHVXVUltdTBNa1o0WWZSTC1LY2VzM3JYNzhSZEtpc3NXZmxSRDR1Q3BCN3J0eXdDempjeXFvUERHcWpsSnhyLUMtTm1NMEtaTzExSzd6bkVB?hl=en-US&gl=US&ceid=US%3Aen,Atlas Copco,,True,General brand activity,Neutral,"General brand visibility activity; logged for completeness, likely lower priority for action.",Marketing
2026-05-20,ELGi Australia launches Demand=Match system,PKN Packaging News,https://news.google.com/read/CBMirgFBVV95cUxNTFkwU3VTblJScnNNMzlmRFQ0SkZLN2xrWExTelZmLVE4SnFWVXhmTzJ3b1pab04wODhRVHZOWHRxR2lqcy1hSkxlRU00c1FydWhPX2VFbFVUcFBrVVJPSkdtMW4yWXR1TjBwZ2p5SjUwdjNuaWpNb0VGQ2w4VlNhNkx0XzVmdnZmVjRBeGE3MTB3V1VWYXlCTXJDYUtURGd4bklSRDR1SFp2eWxhclE?hl=en-US&gl=US&ceid=US%3Aen,Elgi compressor,ELGi,False,New product launch,Neutral,Possible new product/service activity; this page or post may be relevant for SEO gap analysis and product marketing review.,Product Marketing / SEO
2026-05-25,"Loxam SAS entered into a share purchase agreement to acquire 50.30% stake in Mills Locação, Serviços e Logística S.A. from Nacht family, Southern Cross Group and Sullair Argentina, S.A. for BRL 1.8 billion.",marketscreener.com,https://news.google.com/read/CBMi5gFBVV95cUxQRXZidjdOLUJLY3c5d1FGVmZvUTFjc0trMnJBYUo0aC1mQk4yd05aVzUtdGJYNTNZRDRJdmUtc2Z0ZlFzSTZEYWZ0YmdBT3JDZ2NJQVBwY3A0WE5mSWt4enhFS3N4WUFEcUt1bGluV2U1a2ZKeWJKS05rS3N0WEhISHNiV0RvRktJd0RGX0RHbEthdUh1dW5FZUZ4OUpSRFIxNHVubkU2THU0c05DV3VxQU00SXM2eGhOYk1QS195MFp0Y2tmQS1GZW84a3Z5X2FiOXAxNFd0TTFJOHg1OC1BOXFpcnpwZw?hl=en-US&gl=US&ceid=US%3Aen,sullair,Sullair,False,General brand activity,Neutral,"General brand visibility activity; logged for completeness, likely lower priority for action.",Marketing
2026-05-25,"Booster Compressor Market Size, Share, Growth | Analysis, 2034",Fortune Business Insights,https://news.google.com/read/CBMifEFVX3lxTE8xRzg5cTBVSUstNERvUXdYMUVLcmtFWE5UakI0Znl6VHgxR0pWMjNka1hveXJNMzl4RFI0TEpiRHNDdmhIWHplNXJNaGFiaVc3dTJnSEM2bzVxS09qQmx5T2JuLWFKTUpLZ1RLcEhnWUNnRFM1NWE3dVFuakQ?hl=en-US&gl=US&ceid=US%3Aen,Industrial Air compressor,,False,General brand activity,Neutral,"General brand visibility activity; logged for completeness, likely lower priority for action.",Marketing
2026-05-26,France’s Loxam strikes R$2bn deal for control of Brazil’s Mills,Valor International,https://news.google.com/read/CBMixwFBVV95cUxOYmo4UmppRjNtWTc0ZGRDdGlhQTlhY1JFV3JRcEhoMUpBYnRDTWdzUFhHTzlxZHE3VFBkNExCM2tzYUhxYTRjM0ZiN004R1NXTzlWWHVrRGlmNV9mQzUzcER0OFdrVnBYaVhvUjhiSXdGQkRtT3JEbnRtMW9GR1ZyVUZ0UzR5enN5YV9zaHhvRmF4Rjdhd0lpSDE2eEFLVW9ubkx6eDNDZWlnRjN0NmZIcWFVLWQ4c2NqQ1pHTDJDMEJQMDdPT0Rj0gHWAUFVX3lxTFBFbzJsT1Fpb1BNeXY2elo2UDZkVEYtSm1TZExaUzFVcUJaQXFGal94R3h6ZVhfU00ycEJhTWVJa3VELXFPcWRoMUNFSFMyYnE1dHRYZjZZa3FPS2szb3NrZWtBVGhSTldwbnRsV0lqSjR0RjdKQ1VUeXRmZDNoam9EV2Y0XzdaaGlwUXVnMkZBY3VYUzZybS0yQk43ZXZrY2xFa2pCZm9EQzN5WTI3OU1aU3BQY3VHc0FKa0xfR3JuRG1XbHgtYVExMmJ3QUp1bFFUbDJLbUE?hl=en-US&gl=US&ceid=US%3Aen,sullair,,False,General brand activity,Neutral,"General brand visibility activity; logged for completeness, likely lower priority for action.",Marketing
2026-05-26,Loxam to acquire Mills,Vertikal,https://news.google.com/read/CBMicEFVX3lxTFBnaXlLWjN3cXFETFdGM244WXdMbDBLZDNDMHBaV3doWlozY3hRZkZXS1lKSm9QSDZEeldUNm5FQmZPblh0MTBVWW5wSzRoMjV4ZVBqTU9aSC1nbTkzNU9CZnU0Qkp2alpfdWJVQlQxYUw?hl=en-US&gl=US&ceid=US%3Aen,sullair,,False,General brand activity,Neutral,"General brand visibility activity; logged for completeness, likely lower priority for action.",Marketing
2026-06-01,Why Class 0 Oil-Free Compressors Are Essential for the Food & Beverage Industry,FoodProcessing.com.au,https://news.google.com/read/CBMi6wFBVV95cUxQNXpQQUMwS1JVMnZYZ0VfNTJBSHBwOG9kaFdLd0FVTDdxWDAtTDlRVkhoVUh0aGFncWRKNVdxTV80R0FPQ0h1R1VMdTNPZksySjN0bDg1Qzl2a2RJRS1YbzV6TjE1TXN5RUFhUWVBTHF2YzV2bndsNVVPanNfSTdjcmhkcG9HczBOanF0anB6Z3NabnBqOXRialFwS20wVWI5d0Z4LWtnbk1oU2F3NEZ3bnFUOFIzbDlqbk5NZnAzSmdsWDRoUEhKeEJZOGJ6ZW9CZVdGOWFPUE5QcGpvYmpnR0s0U0RyTU93di00?hl=en-US&gl=US&ceid=US%3Aen,Oil free air compressor,,False,Oil-free compressors,Neutral,Potential opportunity to compare oil-free product messaging; may be useful for product marketing review.,Product Marketing
2026-06-01,"Compressed Air Treatment Equipment Market Size, Share [2034]",Fortune Business Insights,https://news.google.com/read/CBMikgFBVV95cUxNSFN4dkRUR3BRNHhwZHF2aEYxaW1iMk5fTUJYeEY1amVmMTZ2cHlKUkxSREoyUXRTYkd3UTRENnZ5RjhTS1RJQzY1dFpjMG9KOXJzUjdKQko0V2lXbWxjbnNfT3BQSGZnSVg2YzJPTnJRblJnd1ZDLW5Ic3oxX293b1BWNV8td29saTZqRWVGeXV4UQ?hl=en-US&gl=US&ceid=US%3Aen,Industrial Air dryer,,False,General brand activity,Neutral,"General brand visibility activity; logged for completeness, likely lower priority for action.",Marketing
2026-06-01,Kaishan USA's KPE Portable Electric Air Compressor Wins 2026 Most Valuable Product From Plant Engineering Magazine,newswire.com,https://news.google.com/read/CBMipgFBVV95cUxPaFNPVENHWHlMemJCYlZnX0NpcUxRQmhmMHU5ajhBWWdfajNoMk93cTJKcWVaYmJzTE5kM3RrMGZSQWNzS09nd255WDdGa0tMVHllbzljblVCQlN4ejBvOWFZUWdVWUpTSm9LdXNJdTFjX250anExSWZQS0U1UUVCM1VWY2M5eUdfbkhOZ0JhUGJHWTdZckxkQnlvdGVfa3VUcDdxaE13?hl=en-US&gl=US&ceid=US%3Aen,Industrial Air compressor,,False,General brand activity,Positive,"General brand visibility activity; logged for completeness, likely lower priority for action.",Marketing
2026-06-03,"Ingersoll Rand cracks Fortune 500 after years on cusp, joining seven Charlotte-area companies",The Business Journals,https://news.google.com/read/CBMirAFBVV95cUxQT05LTmk4amRXdTllc0tSdkkyQTlJbjRkczRDdmxoQlVuVURxbDhuemRydG4yUTdZV3h6UlVJZUtqT01qTm1tMnFvdGZwMWZOY09LakxUaEtuc1pydjlYZDgtQk9kWUl4TE1BUmd1dmNmTTJ4TGtrcjIyWkFFOUs5Skx4VDlKQzNhTW1mZlJsLVo3NGpWcTh2WFI3WS1iZExGd243UUVycWE1TS1y?hl=en-US&gl=US&ceid=US%3Aen,Ingersoll Rand,Ingersoll Rand,False,General brand activity,Neutral,"General brand visibility activity; logged for completeness, likely lower priority for action.",Marketing
2026-06-05,"ELGi aims to become India's No. 1 and top 3 globally by 2035 -Jairam Varadaraj, Managing Director of Elgi Equipments",The Covai Mail,https://news.google.com/read/CBMi0AFBVV95cUxOSnN1X0hLckNjN1RpanJDc3R1Ym90RldaRmNmQlJZWUtIYmdwbUI2b1pZdUNHUUNZQVBpR1Z1ZjlMc3VCd3VMUVp6U2k2cWVycjl3dnlOVUhpa0ZwNjFMVmdFaktYQkdEQjlUc1FDTHg4NjdtVHJWM1FvY1d6MXA5bmlhN1FWeHhBTUpmelhxX1p2SHNLYkFiUGh5OVctUF82WTV6dXd2b0xSZHB0UTNRbUJDM196WDBvMnE0VjRsQ2ZMcnhkSmdxUmxpdUNrc0Ft?hl=en-US&gl=US&ceid=US%3Aen,Elgi compressor,ELGi,False,General brand activity,Neutral,"General brand visibility activity; logged for completeness, likely lower priority for action.",Marketing
2026-06-08,Amada Metalworking Powered by ELGi EG and EQ Series Air Compressors,Process and Control Today,https://news.google.com/read/CBMimwFBVV95cUxQUTI3bVVPWTI2ZVZCendhNnZBQWtLNkxhLUw1ZVlzYk4xRUc1VE9uS2RrVU50eGEyTlkyWlRqVllOdDd4Nzk3SGM5eDU4dThad2V4bXpHSmh0QmFmYjluYjZQamRrX2lhVU1nQlJsbWduUlJreDdCb2dnS0xDemYwYmZUUkoxeGpkeDdGWlFjMWlCS2s1azAyTW9sRQ?hl=en-US&gl=US&ceid=US%3Aen,Elgi compressor,ELGi,False,General brand activity,Neutral,"General brand visibility activity; logged for completeness, likely lower priority for action.",Marketing
2026-06-08,"Absorption Chillers Market Size, Share | Industry Report [2034]",Fortune Business Insights,https://news.google.com/read/CBMilAFBVV95cUxQNkdfTktfLXVMcDJENmZJcjYzSlZXeVJQWGxKTmFWREMxaUZxWlFNaGNWTGhkSHpOTDFyWndKZkRVQWI0WjlwU3NxTVZDd3RzUE04UzJHbTB1UXViOXpwY1hCQ3ZQS3ZJakhfUlBhR2huNkh2eWR2MzBkcEtyRlFrYTFITWVHN0VjVXd1R19nZlY3VmdZ?hl=en-US&gl=US&ceid=US%3Aen,Industrial Air Chiller,,False,General brand activity,Neutral,"General brand visibility activity; logged for completeness, likely lower priority for action.",Marketing
2026-06-08,Atlas Copco Launches High-Pressure Air Compressor From: Atlas Copco Power Technique,For Construction Pros,https://news.google.com/read/CBMi7wFBVV95cUxORS1yblBKbFU3N3FTYTN2cnRmWXRjaXJkbWltU0hydFNORklFenRpS3U0ZmFPRmo1WUNZbjRNM3NQVHg0TU85VDlKTThZSEw2NDRiQ1ZuRmNmenMyMXRFb0I5N0pPZDdVTVVjMExrdUdTemVIVXlwdS1KRDdvem9zYlRmaGR3VU1jRTd2NGIyM3owWFFYYXI2aWRFSnFHYUZQR1RTMFhYWENDc01YT2VfYXpQU1U1dFRrbUtubk1KR2FHQXZTX0x0bG9kck1yMF8ydHpVVVdwVGNPMjZGX1lkdTZnQ29lanF0S1NxYnl1dw?hl=en-US&gl=US&ceid=US%3Aen,Industrial Air compressor,,True,New product launch,Neutral,Possible new product/service activity; this page or post may be relevant for SEO gap analysis and product marketing review.,Product Marketing / SEO
2026-06-08,Atlas Copco Expands DrillAir Line With X-Air+ Portable Compressor,For Construction Pros,https://news.google.com/read/CBMiiwJBVV95cUxQTlpLaEZxNVAzY0hxMUlGNk9IT09FR0dQclRGUk9vVk1IZjFmbV9FbHZyS3N5d2kwd1N2V1FPZExkN3RNaG9STklFZlRXNnVfeFNxdFAyZVhwOGUwQjVOTW1HUHR1ZTZ4TzY1bzFqVmNTUFBnZzRzUkFYQVY5THZlS0drVXJvaUtZU1EteWxFQUFUV3FTdWotWUlmeEdVQXE3NlFmV2JFaS1TQWZEMjlodXdOakpPZ1h4Q3M2dU1JWE5LRzFxZXhCZ21MRGdPU1VWcW8zVHFaaUlIOHBWQVNONzdyOHJtRkVOZ2JWd0k5b0tXMENlcW5nX25CSU00MlJMbkdIWmdDSjlZeWs?hl=en-US&gl=US&ceid=US%3Aen,Industrial Air compressor,,True,Hiring / expansion,Neutral,Multiple roles or facility activity may suggest capacity or regional expansion; could be worth reviewing with regional sales/marketing.,Leadership / Sales
2026-06-10,Is Ingersoll Rand Inc. (IR) A Good Stock To Buy Now?,Yahoo Finance,https://news.google.com/read/CBMilgFBVV95cUxPNWdRMFNRa3FZcXY5UjJhSUhWR2t0dW1Cei1qUms4TDh2am1vaVpSVVhQbXN4c3IzUlAybjhfbHd4a2FJb0hnOXJCZmZuRjFKRE85b05PZldTcDdBT3ZPNnkzeTAxS0xmWUdCX210QnFIYTFLdW5XQVU1ZTFRUHVqZXdnU3YzanhVdzJmRWpXaHNXQzFFX2c?hl=en-US&gl=US&ceid=US%3Aen,Ingersoll Rand,Ingersoll Rand,False,General brand activity,Neutral,"General brand visibility activity; logged for completeness, likely lower priority for action.",Marketing
2026-06-12,Accelerating European expansion and extending oil-free compressor range,Plant & Works Engineering,https://news.google.com/read/CBMimAFBVV95cUxORG80aXhhMGp1aFJKMDk2VklHUy02SmtpdmxVR2puZGV0bHZlTG9VNmNPdmtMQ3RiYmNWMVZyOGlMNFN6YUZiZkZMOF95OWMtZktxQ0ozaU1yWXNkV3FqMU9WTGhaWjlNa1ZIbHM2LTRaWmVmVDFicC1ncXR4QXA1bUpnRmlBZnlEN0VsQm1UQVo3M3J5QU5Hdw?hl=en-US&gl=US&ceid=US%3Aen,Oil free air compressor,,False,Oil-free compressors,Neutral,Potential opportunity to compare oil-free product messaging; may be useful for product marketing review.,Product Marketing
2026-06-15,"Stationary Air Compressor Market Size, Share, Report, 2034",Fortune Business Insights,https://news.google.com/read/CBMihgFBVV95cUxQaERNSDdHY3hOVjF0QTZwT0FGdEtrRmNsTlpqaU16dlc1UkVtM0lmZk5xU2RuWlJOS3ZqME1WMFYySV8tNEpsQWdDQUdmTl8teXVsQTl0dkxPTzFSU0dXSUhCbmNlRnFKOXpDaTlXM3hqRi0xdVk1djZ2akI2RTJBUG1pbHhCQQ?hl=en-US&gl=US&ceid=US%3Aen,Industrial Air compressor,,False,General brand activity,Neutral,"General brand visibility activity; logged for completeness, likely lower priority for action.",Marketing
2026-06-17,ELGi Air~Alert focuses on compressor reliability,PKN Packaging News,https://news.google.com/read/CBMitAFBVV95cUxQVkFpcWZERGpWdlRzc1doNTJqSlhUY3dGTWwzVFVTN21PaGlscTBMcUg1dEptczJmRUszR2dLSjB2N2dXUDJpOXlZWjRJbmJtLWFlSk15bTRJb0FscGZ2YTlidWZPS2VmVFg0MG10enVMM0JTZEZTLXBHOHBNSERmblFES2g4SFZCVnZISGVUT3prampINExpaTFkZXRMWU1RajBsTEowTlIxb1JYV2Jpc3B2eUc?hl=en-US&gl=US&ceid=US%3Aen,Elgi compressor,ELGi,False,General brand activity,Neutral,"General brand visibility activity; logged for completeness, likely lower priority for action.",Marketing
2026-06-18,Ingersoll-Rand (IR) Signals Signs of Recovery,Yahoo Finance,https://news.google.com/read/CBMinAFBVV95cUxQVmtZSjduNTdxdlktUTY0djBTUk1UaWU5X1B5V25sSEl2T2JaQXlWVDE1bnFUdmYtRENBRTBobVgzVUFqYm9PQWdxRHBkcnFuSDMyTG9DQ0RCNmZ5YUJBelVNTzRyR0lZZHZYaXhSaWtGb0xFVVd0ZThvc09obU56cW1mZFI5QTNLWTlBY1pwUGltbl8tQUZneDFfV1g?hl=en-US&gl=US&ceid=US%3Aen,Ingersoll Rand,Ingersoll Rand,False,General brand activity,Neutral,"General brand visibility activity; logged for completeness, likely lower priority for action.",Marketing
2026-06-18,"Philippines Air Compressor Market: Industrialisation Surge, Infrastructure Push & Energy-Efficient Innovation",vocal.media,https://news.google.com/read/CBMi0gFBVV95cUxNRmpVTTVVT3hNT0NKVWNLMklfaS12NGZFSHdpOWZhaVJIbWtzd0hvZ1V1a0hlZm45Q2VvTWh1ckVzQWRuMzFCOHpUaGxLVmNKbk9teTZnZFFiWUtVY3Q3TFhyVWF0MTY1T3Nwckd1MHp5YW1ZU3B0bEk0OW5BLXBzU0hMNV9xdzB6ZGVDZk01UmUtSk9XaTlXeEUwblJpM212bEFReHVtbzFDMXRXM3l3XzBha3FGeXA3Y3psOEhxMHZWekVaMUJmbUFUeXc0NGt1OXc?hl=en-US&gl=US&ceid=US%3Aen,Rotary screw air compressor,,False,General brand activity,Neutral,"General brand visibility activity; logged for completeness, likely lower priority for action.",Marketing
2026-06-22,June 2026 Manufacturing Lunch + Learn with Quincy Compressor,Today's Medical Developments,https://news.google.com/read/CBMikwFBVV95cUxNXy1ZTzc1emtHZFoxaUV3UkdMNlA5TGRibHlOZTR6TEdEUVlFempYQl9ENnVyR1o2VzhKbG42bDNmbHRwLWstbzFiSHZySmpGcFY3dFVMWHh0dlp1eGJBZXZfYkdMclZBZGo2V2lDODhSNnZuQXVYRTkyTlduS1d6dTl3YmtPd1RFOWZtbW1YS2FxRW8?hl=en-US&gl=US&ceid=US%3Aen,Quincy Compressor,Quincy Compressor,False,General brand activity,Neutral,"General brand visibility activity; logged for completeness, likely lower priority for action.",Marketing
2026-06-23,We Tested 11 Jump Starters with Air Compressors: These 7 Are the Best,bobvila.com,https://news.google.com/read/CBMie0FVX3lxTE5qN3VfU1dDTmdOTWZEZUM4TmVfZmF6amlzX3FaN3hmSVhzdHNJbEhUX0pmOF8wX1FINFFDWDgyNlVHLXRiNmZRU3NDY3NNMVYyOW9SX1VlZ0tON0d4WHlRNWlOX205Sm85SmJUd001bTRqdjdHYmNfcE0tbw?hl=en-US&gl=US&ceid=US%3Aen,Air compressor,,False,General brand activity,Positive,"General brand visibility activity; logged for completeness, likely lower priority for action.",Marketing
2026-06-23,We Tested the Top Home Air Compressors for Over 20 Hours to Find the Best Choices for Your Home Projects,bobvila.com,https://news.google.com/read/CBMiakFVX3lxTE0tTkFkNmt0QldXVzBJa2c4Tlo1MVNXTXNRU0JIMW1WRDVycHczMmVlYmYyRjdnckNLb3M4eE8zZjlINHA5ZGlvb3NKSDRuMUhtX3lLclJON2lEZ3NJemxiWTV0bjdkYW1ENGc?hl=en-US&gl=US&ceid=US%3Aen,Industrial Air compressor,,False,General brand activity,Positive,"General brand visibility activity; logged for completeness, likely lower priority for action.",Marketing
2026-06-24,EverPro Expands Industrial Air Compressor Solutions Across North America with Factory-Direct Rotary Screw Compressor Systems,Delaware Business Now,https://news.google.com/read/CBMi0wJBVV95cUxOV3dFdVNtbzBqOGMzcjZhTE1TellnWXNGd1dKN1Btdk1nZ1QyMjUtSnZmbWc2UWF6VXZCeXNvV0lKYVM0MkJQWGtBOXdiYkJMZnc3bkJKQS00aVJyMTljZVZYWi1aamF3Z2hEQVQzLTZJeHE3SzlFY3Mzb0QtUFhBanRVX0pFRGRVYmZVMEF6S0VubktHZjl0SHNXSGtTdE9IUE1NU1g2cGlxRTNBN01SaUowbDJxX2RJaTFWczAxRVk1V0gtUFRRc3BOVE1xZkJLWTJZcjlZU193Rk1JN0hOVzhBbGNsM0FMeXB0Zm9Vd3pTOE9vc19YZlJrY252VHUySjZLaE1waW5lcmhjMkM0VlJTQXl3UjIzemR0cHRlVG5fVGxlcWZyUjQ0dzZuNTJObXRmbXdmRGdQY1B0RVRsdHFFLXlIOFRaelpVR1ZpZEFVYmc?hl=en-US&gl=US&ceid=US%3Aen,Industrial Air compressor,,False,Rotary screw compressors,Neutral,Core product-line activity; may be relevant for product marketing/sales battlecard review.,Product Marketing / Sales
2026-06-24,The UP6S Series Rotary Screw Air Compressor from Ingersoll Rand Inc. - quiet 7.5 to 15 kW workhorse,AD HOC NEWS,https://news.google.com/read/CBMixAFBVV95cUxNRWhCcVVieC1FOVZLTDd1d0R0ektJbVpjcXkzUFFjUEZKZUs0bXFxQnJfcnNPTkhxM3Mxbk1XQk9yeWNMWnZoY2puMjZaVlgyS2l0enBtX0lrdTVKQzdaaU1yOVlEUGRLbXdGV25lakpVREliOGlrZzBLQnNwR2g3cDhUZ0gyYUZSQnpGaWVnU3ZMajR0N0VGczlqV0tZWmlVU1RCV29ITHhLNkw4M0IxSWg4b18taW9tVU51ZnVBdFEwRk11?hl=en-US&gl=US&ceid=US%3Aen,Rotary screw air compressor,Ingersoll Rand,False,Rotary screw compressors,Neutral,Core product-line activity; may be relevant for product marketing/sales battlecard review.,Product Marketing / Sales
2026-06-25,Hodge Compressor Approved for Georgia Made® Program,PR Newswire,https://news.google.com/read/CBMiqgFBVV95cUxQNU56VU1BN1VYVGRzemw4SFpSUG9FQ00zOGNrRG1xdXk2OVRDNEMxbzRhSTQ2OXNTS0J2Tml1NVZlM1NJeUlTQW5ya04xMkpJU05rZWdmdEs3T184VFowUUpRbEJ4S3hzTEtOT2tiVEo2WWlRYVNOd2EwcGVwblV5OTh5bVpFWkRvQi1wV2FwVmFZbndVU1Y3SXp5Zllxa3pEMHlhamx1RXkxQQ?hl=en-US&gl=US&ceid=US%3Aen,Rotary screw air compressor,,False,General brand activity,Neutral,"General brand visibility activity; logged for completeness, likely lower priority for action.",Marketing
2026-06-25,Five Reputable Air Compressor Manufacturers in China 2026: Advancing Industrial Air Compression Solutions,The National Law Review,https://news.google.com/read/CBMitgFBVV95cUxOQVNRbVUxLU9iaE9pUlk4Z2pXOHl2NHBqQktISzNibXJLSEg5aWdaZm5IdFNqOHk1Qk1ZTk1VUTFCWjhlbVRFT2hHUUNfQnRhZXJodEZETFc0UlZMMUNpMkU3V0NqYVNJN1Q5azEtdllpbm9LN3ZoT3Y2ck9NQTdjWWttMWlLV3R1dWdCdmEzSWR6SExIdzBQd2VOV3pLWlp1TDJaMlNpRFczYS1BYjNsMmtncFp3Zw?hl=en-US&gl=US&ceid=US%3Aen,Industrial Air compressor,,False,General brand activity,Neutral,"General brand visibility activity; logged for completeness, likely lower priority for action.",Marketing
2026-06-28,Membrane Dryer Modules Market Forecast Points Higher Toward 2035 on Biopharma Capacity Expansion,IndexBox,https://news.google.com/read/CBMixAFBVV95cUxQQTNZeENSdko5NHNRQVVScGZ5MHZwMDZUMDIyeGMxTEtaRjU2WnJLcTZnZmI5X0NBNEtXWWhfcmpGVzFPazlnVm5tb2dSSXJRZzM1WjF4OXc5VDRDQ3dZM195RHYxdTF4Q2dsanVVY3JQbjd0RkhIbkJlMGEwVEs4X05TSUZOSUkwNjV4SkdLeHJXWmdaUDIwVmgtemxENmRYUFRyaDBBbHp3UVBUR0FWN2Z2ZGJJeWEtQjdtNFllUDd6d0h2?hl=en-US&gl=US&ceid=US%3Aen,Industrial Air dryer,,False,Hiring / expansion,Neutral,Multiple roles or facility activity may suggest capacity or regional expansion; could be worth reviewing with regional sales/marketing.,Leadership / Sales
2026-06-29,The R-Series 4-11 kW Rotary Screw Air Compressor from Ingersoll Rand Inc. - quiet output for small s,AD HOC NEWS,https://news.google.com/read/CBMiywFBVV95cUxNT05HeGNYZS1PQUJWWHlpVy1XYUxNdzktZWg5UWVMbmtHRmctalMxNmgyajZRQ2g0TFB5dXNta0hLNVlmVDFxTTlYU3puZWlBVXBJMk41LVEyT1ZLYXo5NzE3eFBYUldNc21YWHdCdDZHUFRueFBUSDNsY2VMNEl4ZjE3OUhCZS1jNW9zaGlWTTEwZzh4R2JHWDZmYVhSbGxBWFJQcFA1RE14SkMtNlhfRDF0Y0lsdXBST2JPR1k0YTFOdmQ2Snh4cHhSUQ?hl=en-US&gl=US&ceid=US%3Aen,Rotary screw air compressor,Ingersoll Rand,False,Rotary screw compressors,Neutral,Core product-line activity; may be relevant for product marketing/sales battlecard review.,Product Marketing / Sales
